,Silhouette,Davies-Bouldin,ARI
KMeans,0.16673730909668527,1.5647333932312972,0.1690552615515251
Hierarchical,0.13805112764844382,1.7871198450573054,0.1141850107761058
